{
  "metadata": {
    "basis": "sto-3g",
    "norb": 6,
    "nelec": 6,
    "n_qubits": 12,
    "taper": false,
    "optimizer": "adam",
    "maxiter": 300
  },
  "distances": [
    0.9,
    1.2,
    1.5
  ],
  "hf_energies": [
    -107.18719030104015,
    -107.48778392804617,
    -107.27244850120609
  ],
  "fci_energies": [
    -107.22827969619689,
    -107.64502412290688,
    -107.55103503106695
  ],
  "ccsd_t_energies": [
    -107.29241736021618,
    -107.67355063750365,
    -107.57083121143725
  ],
  "vqe_cpu_energies": [
    -107.21589316327385,
    -107.59140369030187,
    -107.46670458924254
  ],
  "vqe_cpu_times": [
    113.18584966601338,
    118.45103891700273,
    154.64316754200263
  ]
}